,Loan_ID,ApplicantIncome,CoapplicantIncome,LoanAmount,Loan_Amount_Term,Credit_History,Loan_Status,Gender_Male,Married_Yes,Education_Not Graduate,Property_Area_Semiurban,Property_Area_Urban,Dependents_1,Dependents_2,Dependents_3+,Self_Employed_Yes
0,LP001002,0.07048855905998762,0.0,0.17221418234442834,360.0,1.0,Y,1,0,0,0,1,0,0,0,0
1,LP001003,0.054829931972789105,0.03619171046631627,0.17221418234442834,360.0,1.0,N,1,1,0,0,0,1,0,0,0
2,LP001005,0.03525046382189239,0.0,0.0824891461649783,360.0,1.0,Y,1,1,0,0,1,0,0,0,1
3,LP001006,0.030092764378478656,0.05659154726762186,0.1606367583212735,360.0,1.0,Y,1,1,1,0,1,0,0,0,0
4,LP001008,0.07235621521335805,0.0,0.19102749638205496,360.0,1.0,Y,1,0,0,0,1,0,0,0,0
5,LP001011,0.06514533085961656,0.100703194374445,0.3733719247467438,360.0,1.0,Y,1,1,0,0,1,0,1,0,1
6,LP001013,0.02700061842918985,0.03638370893032856,0.12445730824891461,360.0,1.0,Y,1,1,1,0,1,0,0,0,0
7,LP001014,0.035695732838589976,0.060095519235846113,0.21562952243125902,360.0,0.0,N,1,1,0,1,0,0,0,1,0
8,LP001018,0.04769325912183054,0.03662370701034392,0.23010130246020258,360.0,1.0,Y,1,1,0,0,1,0,1,0,0
9,LP001020,0.15696969696969695,0.2632298941608467,0.49204052098408096,360.0,1.0,N,1,1,0,1,0,1,0,0,0
10,LP001024,0.03772418058132344,0.01679986560107519,0.08827785817655572,360.0,1.0,Y,1,1,0,0,1,0,1,0,0
11,LP001027,0.029066171923314774,0.04415964672282622,0.14471780028943557,360.0,1.0,Y,1,1,0,0,1,0,1,0,0
12,LP001028,0.036153370439084724,0.19454244366045073,0.276410998552822,360.0,1.0,Y,1,1,0,0,1,0,1,0,0
13,LP001029,0.021063698206555344,0.0681594547243622,0.15195369030390735,360.0,1.0,N,1,0,0,0,0,0,0,0,0
14,LP001030,0.01421150278293135,0.026063791489668083,0.011577424023154847,120.0,1.0,Y,1,1,0,0,1,0,1,0,0
15,LP001032,0.05936920222634508,0.0,0.16787264833574528,360.0,1.0,Y,1,0,0,0,1,0,0,0,0
16,LP001034,0.0426221397649969,0.0,0.13169319826338638,240.0,0.0,Y,1,0,1,0,1,1,0,0,0
17,LP001036,0.04155844155844156,0.0,0.09696092619392185,360.0,0.0,N,0,0,0,0,1,0,0,0,0
18,LP001038,0.058589981447124295,0.0,0.17945007235890012,360.0,1.0,N,1,1,1,0,0,0,0,0,0
19,LP001041,0.030303030303030293,0.08399932800537596,0.15340086830680172,360.0,1.0,Y,1,1,0,0,1,0,0,0,0
20,LP001043,0.09288806431663574,0.0,0.1374819102749638,360.0,0.0,N,1,1,1,0,1,0,0,0,0
21,LP001046,0.07179962894248607,0.13499892000863994,0.4428364688856729,360.0,1.0,Y,1,1,0,0,1,1,0,0,0
22,LP001047,0.030303030303030293,0.045863633090935274,0.15484804630969606,360.0,0.0,N,1,1,1,1,0,0,0,0,0
23,LP001050,0.039764996907854046,0.04600763193894449,0.14905933429811866,360.0,0.0,N,1,1,1,0,0,0,1,0,0
24,LP001052,0.04411873840445269,0.07019943840449276,0.20549927641099852,360.0,0.0,N,1,1,0,1,0,1,0,0,0
25,LP001066,0.11638837353123065,0.0,0.26338639652677276,360.0,1.0,Y,1,1,0,1,0,0,0,0,1
26,LP001068,0.03276437847866419,0.05407156742746058,0.16353111432706222,360.0,1.0,Y,1,1,0,1,0,0,0,0,0
27,LP001073,0.05041434755720469,0.024959800321597427,0.14616497829232994,360.0,1.0,Y,1,1,1,0,1,0,1,0,0
28,LP001086,0.015980210265924548,0.0,0.03762662807525326,360.0,1.0,N,1,0,1,0,1,0,0,0,0
29,LP001087,0.04452690166975881,0.049991600067199465,0.1606367583212735,360.0,1.0,Y,0,0,0,1,0,0,1,0,0
30,LP001091,0.04967223252937538,0.08085535315717474,0.2778581765557163,360.0,0.0,N,1,1,0,0,1,1,0,0,0
31,LP001095,0.037316017316017316,0.0,0.09406657018813314,360.0,1.0,N,1,0,0,0,1,0,0,0,0
32,LP001097,0.056178107606679024,0.0,0.1403762662807525,360.0,1.0,N,1,0,0,0,0,1,0,0,1
33,LP001098,0.04143475572047001,0.04000767993856049,0.15195369030390735,360.0,1.0,Y,1,1,0,1,0,0,0,0,0
34,LP001100,0.152752009894867,0.07199942400460796,0.4500723589001447,360.0,1.0,N,1,0,0,0,0,0,0,1,0
35,LP001106,0.026283240568954848,0.04960760313917489,0.17221418234442834,360.0,1.0,Y,1,1,0,0,1,0,0,0,0
36,LP001109,0.020754483611626465,0.03191974464204286,0.13169319826338638,360.0,0.0,N,1,1,0,0,1,0,0,0,0
37,LP001112,0.043500309214594926,0.03501571987424101,0.19536903039073802,360.0,1.0,Y,0,1,0,1,0,0,0,0,0
38,LP001114,0.04967223252937538,0.17303861569107448,0.2532561505065123,360.0,1.0,Y,1,0,0,0,1,0,0,0,0
39,LP001116,0.0445021645021645,0.04003167974656203,0.14616497829232994,360.0,1.0,Y,1,0,1,1,0,0,0,0,0
40,LP001119,0.04267161410018553,0.0,0.10274963820549927,360.0,1.0,N,1,0,0,0,1,0,0,0,0
41,LP001120,0.02040816326530612,0.029111767105863152,0.05499276410998552,360.0,1.0,Y,1,0,0,0,1,0,0,0,0
42,LP001123,0.02782931354359925,0.0,0.0955137481910275,360.0,0.0,Y,1,1,0,0,1,0,0,0,0
43,LP001131,0.046889301175015455,0.056063551491588065,0.18089725036179446,360.0,1.0,Y,1,1,0,1,0,0,0,0,0
44,LP001136,0.05621521335807049,0.0,0.12590448625180894,360.0,1.0,Y,1,1,1,0,1,0,0,0,1
45,LP001137,0.040321583178726035,0.0,0.11432706222865412,360.0,1.0,Y,0,0,0,0,1,0,0,0,0
46,LP001138,0.06801484230055657,0.0,0.05065123010130246,360.0,1.0,Y,1,1,0,0,1,1,0,0,0
47,LP001144,0.07014223871366727,0.0,0.19536903039073802,360.0,1.0,Y,1,1,0,0,1,0,0,0,0
48,LP001146,0.030859616573902283,0.0825593395252838,0.1606367583212735,360.0,0.0,N,0,1,0,0,1,0,0,0,0
49,LP001151,0.04761904761904761,0.05459956320349437,0.19536903039073802,360.0,1.0,Y,0,0,0,1,0,0,0,0,0
50,LP001155,0.02199134199134199,0.039455684354525164,0.13169319826338638,360.0,1.0,Y,0,1,1,1,0,0,0,0,0
51,LP001157,0.03631416202844774,0.0,0.1606367583212735,360.0,1.0,Y,0,0,0,1,0,0,0,0,0
52,LP001164,0.05046382189239331,0.0,0.14905933429811866,360.0,1.0,N,0,0,0,1,0,0,0,0,0
53,LP001179,0.05523809523809523,0.0,0.18089725036179446,360.0,1.0,N,1,1,0,0,1,0,1,0,0
54,LP001186,0.1403834260977118,0.0,0.4008683068017366,360.0,0.0,N,0,1,0,0,1,1,0,0,1
55,LP001194,0.03163883735312306,0.0280077759377925,0.12735166425470332,360.0,1.0,Y,1,1,0,1,0,0,1,0,0
56,LP001195,0.024514533085961653,0.038183694530443756,0.12590448625180894,360.0,1.0,Y,1,1,0,1,0,0,0,0,0
57,LP001197,0.0397773654916512,0.05279957760337917,0.18234442836468884,360.0,1.0,N,1,1,0,0,0,0,0,0,0
58,LP001198,0.0980828695114409,0.05399956800345597,0.24746743849493485,360.0,1.0,Y,1,1,0,0,1,1,0,0,0
59,LP001199,0.039666048237476804,0.06861545107639139,0.19536903039073802,360.0,1.0,Y,1,1,1,0,1,0,1,0,0
60,LP001205,0.029066171923314774,0.09110327117383062,0.1606367583212735,360.0,1.0,Y,1,1,0,0,1,0,0,0,0
61,LP001206,0.03560915275200989,0.0,0.130246020260492,360.0,1.0,Y,1,1,0,0,1,0,0,1,0
62,LP001207,0.030414347557204697,0.08277533779729762,0.22575976845151952,180.0,0.0,N,1,1,1,0,0,0,0,0,1
63,LP001213,0.0593073593073593,0.0,0.17221418234442834,360.0,0.0,N,1,1,0,0,0,1,0,0,0
64,LP001222,0.04967223252937538,0.0,0.15484804630969606,360.0,0.0,N,0,0,0,1,0,0,0,0,0
65,LP001225,0.06896722325293753,0.11027911776705786,0.3603473227206946,360.0,1.0,N,1,1,0,1,0,0,0,0,0
66,LP001228,0.03772418058132344,0.05409556723546212,0.16931982633863962,180.0,0.0,N,1,0,1,0,1,0,0,0,0
67,LP001233,0.13110698824984537,0.0,0.4384949348769898,360.0,1.0,Y,1,1,0,0,1,1,0,0,0
68,LP001238,0.0859616573902288,0.0,0.16787264833574528,60.0,1.0,Y,1,1,1,0,1,0,0,1,1
69,LP001241,0.05132962275819418,0.0,0.18379160636758318,360.0,0.0,N,0,0,0,1,0,0,0,0,0
70,LP001243,0.03782312925170068,0.07358341133270933,0.23589001447178,360.0,1.0,Y,1,1,0,0,1,0,0,0,0
71,LP001245,0.02133580705009276,0.044999640002879975,0.12735166425470332,360.0,1.0,Y,1,1,1,1,0,0,1,0,1
72,LP001248,0.04143475572047001,0.0,0.10419681620839363,300.0,1.0,Y,1,0,0,1,0,0,0,0,0
73,LP001250,0.05695732838589981,0.0,0.12445730824891461,360.0,0.0,N,1,1,1,1,0,0,0,1,0
74,LP001253,0.06327767470624612,0.042575659394724845,0.2575976845151953,360.0,1.0,Y,1,1,0,1,0,0,0,1,1
75,LP001255,0.04452690166975881,0.0,0.150506512301013,480.0,1.0,N,1,0,0,0,1,0,0,0,0
76,LP001256,0.04452690166975881,0.11399908800729594,0.24167872648335742,360.0,1.0,N,1,0,0,0,1,0,0,0,0
77,LP001259,0.010513296227581941,0.07252741978064176,0.14616497829232994,360.0,1.0,N,1,1,0,0,1,1,0,0,1
78,LP001263,0.037316017316017316,0.09599923200614395,0.24746743849493485,300.0,0.0,N,1,1,0,1,0,0,0,1,0
79,LP001264,0.03936920222634508,0.05198358413132695,0.17510853835021706,360.0,0.0,Y,1,1,1,1,0,0,0,1,1
80,LP001265,0.045714285714285714,0.0,0.14761215629522428,360.0,1.0,Y,0,0,0,1,0,0,0,0,0
81,LP001266,0.027767470624613474,0.0,0.17221418234442834,360.0,1.0,Y,1,1,0,1,0,1,0,0,1
82,LP001267,0.015188620902906616,0.04514363885088919,0.22865412445730823,360.0,1.0,N,0,1,0,0,1,0,1,0,0
83,LP001273,0.07235621521335805,0.05399956800345597,0.3704775687409551,360.0,0.0,N,1,1,0,1,0,0,0,0,0
84,LP001275,0.04747062461348175,0.0,0.059334298118668596,240.0,1.0,Y,1,1,0,0,1,1,0,0,0
85,LP001279,0.027408781694495975,0.06074351405188758,0.18379160636758318,360.0,1.0,Y,1,0,0,1,0,0,0,0,0
86,LP001280,0.03936920222634508,0.047999616003071975,0.130246020260492,360.0,0.0,Y,1,1,1,1,0,0,1,0,0
87,LP001282,0.029066171923314774,0.05083159334725322,0.1374819102749638,360.0,1.0,Y,1,1,0,1,0,0,0,0,0
88,LP001289,0.10409400123685836,0.0,0.29088277858176553,360.0,1.0,Y,1,0,0,0,1,0,0,0,0
89,LP001310,0.06858379715522571,0.10000719994240047,0.24023154848046308,360.0,1.0,Y,1,1,0,1,0,0,0,0,0
90,LP001316,0.03473098330241187,0.06959944320445437,0.1765557163531114,360.0,1.0,Y,1,1,0,1,0,0,0,0,0
91,LP001318,0.07544836116264686,0.1356949144406845,0.25904486251808967,180.0,1.0,Y,1,1,0,1,0,0,1,0,0
92,LP001319,0.03862708719851577,0.0436796505627955,0.10419681620839363,360.0,1.0,Y,1,1,1,0,1,0,1,0,0
93,LP001322,0.04926406926406925,0.0,0.16353111432706222,360.0,1.0,Y,1,0,0,1,0,0,0,0,0
94,LP001325,0.04291898577612863,0.0,0.023154848046309698,120.0,1.0,Y,1,0,1,1,0,0,0,0,0
95,LP001326,0.08202844774273345,0.0,0.17221418234442834,360.0,0.0,N,1,0,0,0,1,0,0,0,0
96,LP001327,0.02886827458256029,0.05524755801953585,0.18523878437047755,360.0,1.0,Y,0,1,0,1,0,0,0,0,0
97,LP001333,0.022597402597402595,0.02392780857753138,0.059334298118668596,360.0,1.0,Y,1,1,0,1,0,0,0,0,0
98,LP001334,0.049944341372912794,0.0,0.15340086830680172,180.0,1.0,Y,1,1,1,1,0,0,0,0,0
99,LP001343,0.019901051329622756,0.08498332013343893,0.1765557163531114,360.0,1.0,Y,1,1,0,1,0,0,0,0,0
100,LP001345,0.05118119975262832,0.07831137350901193,0.17945007235890012,180.0,1.0,Y,1,1,1,0,1,0,1,0,0
101,LP001349,0.05804576376004947,0.09134326925384598,0.20549927641099852,360.0,1.0,Y,1,0,0,1,0,0,0,0,0
102,LP001350,0.16697588126159552,0.0,0.17221418234442834,360.0,1.0,Y,1,1,0,0,1,0,0,0,0
103,LP001356,0.05568336425479282,0.08599131206950344,0.17221418234442834,360.0,1.0,Y,1,1,0,1,0,0,0,0,0
104,LP001357,0.04534322820037105,0.018095855233158136,0.21852387843704774,360.0,1.0,Y,1,1,0,0,1,0,0,0,0
105,LP001367,0.035893630179344466,0.024719802241582066,0.13169319826338638,360.0,1.0,Y,1,1,0,0,1,1,0,0,0
106,LP001369,0.13935683364254792,0.027023783809729522,0.3125904486251809,360.0,1.0,Y,1,1,0,0,1,0,1,0,0
107,LP001370,0.08884353741496598,0.0,0.1606367583212735,360.0,1.0,N,1,0,1,0,0,0,0,0,0
108,LP001379,0.04514533085961657,0.08639930880552955,0.29956584659913166,360.0,0.0,N,1,1,0,0,1,0,1,0,0
109,LP001384,0.02376004947433518,0.018095855233158136,0.12301013024602024,480.0,1.0,Y,1,1,1,1,0,0,0,1,0
110,LP001385,0.06389610389610388,0.0,0.18379160636758318,360.0,1.0,Y,1,0,0,0,1,0,0,0,0
111,LP001387,0.03437229437229437,0.05599155206758346,0.18813314037626624,360.0,1.0,Y,0,1,0,1,0,0,0,0,0
112,LP001391,0.04232529375386518,0.09873521011831905,0.2069464544138929,360.0,0.0,N,1,1,1,0,0,0,0,0,0
113,LP001392,0.09030303030303029,0.0,0.17221418234442834,360.0,1.0,Y,0,0,0,1,0,1,0,0,1
114,LP001398,0.0606060606060606,0.0,0.15774240231548478,360.0,1.0,Y,1,0,0,1,0,0,0,0,0
115,LP001401,0.17851576994434135,0.0,0.25470332850940663,180.0,1.0,Y,1,1,0,0,0,1,0,0,0
116,LP001404,0.037316017316017316,0.054791561667506664,0.20984081041968158,360.0,1.0,Y,0,1,0,1,0,0,0,0,0
117,LP001405,0.02552875695732838,0.03355173158614731,0.10998552821997105,360.0,0.0,Y,1,1,0,0,1,1,0,0,0
118,LP001421,0.067012987012987,0.051407588739290085,0.24023154848046308,360.0,1.0,N,1,1,0,0,0,0,0,0,0
119,LP001422,0.1268769325912183,0.0,0.361794500723589,360.0,1.0,Y,0,0,0,0,1,0,0,0,0
120,LP001426,0.06823747680890536,0.06400748794009647,0.24746743849493485,360.0,1.0,Y,1,1,0,0,0,0,0,0,0
121,LP001430,0.04967223252937538,0.0,0.05065123010130246,360.0,1.0,Y,0,0,0,1,0,0,0,0,0
122,LP001431,0.02457637600494743,0.21551827585379318,0.18523878437047755,360.0,0.0,Y,0,0,0,1,0,0,0,0,0
123,LP001432,0.03471861471861472,0.0,0.10419681620839363,360.0,1.0,Y,1,1,0,1,0,0,1,0,0
124,LP001439,0.05132962275819418,0.04833561331509348,0.26772793053545585,360.0,1.0,Y,1,1,1,0,0,0,0,0,0
125,LP001443,0.043809523809523805,0.0,0.1215629522431259,360.0,0.0,Y,0,0,0,0,0,0,0,0,0
126,LP001448,0.29255411255411257,0.0,0.5224312590448625,360.0,1.0,Y,1,1,0,0,0,0,0,1,0
127,LP001449,0.04594928880643166,0.03935968512251902,0.17221418234442834,360.0,1.0,Y,1,0,0,0,0,0,0,0,0
128,LP001451,0.12817563388991957,0.09239926080591356,0.21852387843704774,180.0,0.0,N,1,1,0,0,1,1,0,0,1
129,LP001465,0.07334570191713047,0.06165550675594595,0.25036179450072354,360.0,0.0,N,1,1,0,0,0,0,0,0,0
130,LP001469,0.24756957328385895,0.0,0.9276410998552822,480.0,0.0,Y,1,0,0,0,1,0,0,0,1
131,LP001473,0.023055040197897336,0.04629562963496292,0.09406657018813314,360.0,1.0,Y,1,0,0,0,1,0,0,0,0
132,LP001478,0.03176252319109462,0.0,0.08827785817655572,360.0,1.0,Y,1,0,0,1,0,0,0,0,0
133,LP001482,0.04092764378478664,0.0,0.023154848046309698,120.0,1.0,Y,1,1,0,1,0,0,0,0,1
134,LP001487,0.05868893011750154,0.0,0.1345875542691751,360.0,1.0,Y,1,0,0,1,0,0,0,0,0
135,LP001488,0.04761904761904761,0.1859985120119039,0.406657018813314,360.0,1.0,N,1,1,0,1,0,0,0,1,0
136,LP001489,0.054829931972789105,0.0,0.1085383502170767,360.0,1.0,N,0,1,0,0,0,0,0,0,0
137,LP001491,0.03915893630179344,0.08399932800537596,0.11432706222865412,360.0,1.0,Y,1,1,0,0,1,0,1,0,1
138,LP001492,0.18366110080395792,0.0,0.3371924746743849,360.0,0.0,N,1,0,0,1,0,0,0,0,0
139,LP001493,0.050092764378478656,0.03431972544219646,0.17366136034732269,360.0,1.0,N,1,1,1,0,0,0,1,0,0
140,LP001497,0.06050711193568336,0.049991600067199465,0.25470332850940663,360.0,1.0,N,1,1,0,0,0,0,1,0,0
141,LP001498,0.06514533085961656,0.0,0.23010130246020258,360.0,1.0,Y,1,0,0,0,1,0,0,0,0
142,LP001504,0.08410636982065552,0.0,0.24023154848046308,180.0,1.0,Y,1,0,0,1,0,0,0,0,1
143,LP001507,0.03151515151515151,0.0488156094751242,0.16353111432706222,360.0,1.0,Y,1,1,0,1,0,0,0,0,0
144,LP001508,0.14356215213358067,0.0,0.2575976845151953,180.0,1.0,Y,1,1,0,0,1,0,1,0,0
145,LP001514,0.026963512677798385,0.10766313869489044,0.13169319826338638,360.0,1.0,Y,0,1,0,1,0,0,0,0,0
146,LP001516,0.18201607915893628,0.0,0.08827785817655572,360.0,1.0,Y,0,1,0,0,1,0,1,0,0
147,LP001518,0.01716759431045145,0.03419972640218878,0.030390738060781478,360.0,1.0,Y,1,1,0,0,1,1,0,0,0
148,LP001519,0.12183055040197895,0.03998368013055895,0.3125904486251809,360.0,1.0,N,0,0,0,0,0,0,0,0,0
149,LP001520,0.058256029684601106,0.01991984064127487,0.16787264833574528,360.0,1.0,Y,1,1,0,1,0,0,0,0,0
150,LP001528,0.07578231292517006,0.0,0.15774240231548478,360.0,0.0,N,1,0,0,0,0,0,0,0,0
151,LP001529,0.030018552875695725,0.08999928000575995,0.2069464544138929,360.0,1.0,Y,1,1,0,0,0,0,0,0,1
152,LP001531,0.11151515151515148,0.0,0.34008683068017365,360.0,1.0,N,1,0,0,0,1,0,0,0,0
153,LP001532,0.02635745207173778,0.0,0.150506512301013,360.0,1.0,N,1,1,1,0,0,0,1,0,0
154,LP001535,0.038392084106369816,0.0,0.059334298118668596,360.0,1.0,Y,1,0,0,0,1,0,0,0,0
155,LP001536,0.4928756957328385,0.0,0.8552821997105644,180.0,0.0,Y,1,1,0,1,0,0,0,1,0
156,LP001541,0.07235621521335805,0.0,0.21852387843704774,360.0,0.0,Y,1,1,0,0,0,1,0,0,0
157,LP001543,0.11611626468769323,0.0,0.2575976845151953,360.0,1.0,Y,1,1,0,0,1,1,0,0,0
158,LP001546,0.03500309214594929,0.049991600067199465,0.1606367583212735,360.0,1.0,Y,1,0,0,0,0,0,0,0,0
159,LP001552,0.054829931972789105,0.13499892000863994,0.35600578871201155,360.0,1.0,Y,1,1,0,1,0,0,0,0,0
160,LP001560,0.0211873840445269,0.024983800129598964,0.12879884225759766,360.0,1.0,Y,1,1,1,1,0,0,0,0,0
161,LP001562,0.09626468769325909,0.0,0.38494934876989867,360.0,1.0,N,1,1,0,0,1,0,0,0,0
162,LP001565,0.03635126777983921,0.030719754241966064,0.16208393632416784,360.0,0.0,N,1,1,0,1,0,1,0,0,0
163,LP001570,0.049684601113172536,0.03472772217822257,0.21562952243125902,360.0,1.0,Y,1,1,0,0,0,0,1,0,0
164,LP001572,0.11345701917130487,0.0,0.0955137481910275,180.0,1.0,Y,1,1,0,0,1,0,0,0,0
165,LP001574,0.04399505256648113,0.07598339213286294,0.25036179450072354,360.0,1.0,Y,1,1,0,0,0,0,0,0,0
166,LP001577,0.054829931972789105,0.0,0.14905933429811866,360.0,1.0,N,0,1,0,0,0,0,0,0,0
167,LP001578,0.028311688311688305,0.07999136006911944,0.17366136034732269,360.0,1.0,Y,1,1,0,0,0,0,0,0,0
168,LP001579,0.025813234384662948,0.0,0.07814761215629522,480.0,0.0,N,1,0,0,1,0,0,0,0,0
169,LP001580,0.0970933828076685,0.0,0.276410998552822,360.0,1.0,Y,1,1,0,1,0,0,1,0,0
170,LP001581,0.020655534941249224,0.042455660354717165,0.12445730824891461,360.0,1.0,Y,1,1,1,0,0,0,0,0,0
171,LP001585,0.6383797155225726,0.0,1.0,300.0,1.0,Y,1,1,0,0,1,0,0,1,0
172,LP001586,0.04170686456400742,0.0,0.10419681620839363,180.0,1.0,N,1,1,1,0,0,0,0,1,0
173,LP001594,0.06874458874458873,0.13499892000863994,0.2575976845151953,360.0,1.0,Y,1,1,0,1,0,0,0,0,0
174,LP001603,0.05187384044526901,0.017663858689130486,0.11287988422575977,360.0,1.0,N,1,1,1,1,0,0,0,0,1
175,LP001606,0.04139764996907854,0.04713562291501668,0.15484804630969606,360.0,1.0,Y,1,1,0,0,0,0,0,0,0
176,LP001608,0.023438466295609146,0.03885568915448676,0.13314037626628072,360.0,1.0,Y,1,1,0,0,0,0,1,0,0
177,LP001610,0.06636982065553493,0.2711978304173567,0.703328509406657,360.0,0.0,N,1,1,0,1,0,0,0,1,0
178,LP001616,0.04452690166975881,0.0,0.15484804630969606,360.0,1.0,Y,1,1,0,1,0,1,0,0,0
179,LP001630,0.02700061842918985,0.03482372141022872,0.1345875542691751,480.0,0.0,N,1,0,1,0,1,0,0,0,0
180,LP001633,0.07730364873222015,0.17399860801113592,0.24746743849493485,360.0,0.0,N,1,1,0,0,1,1,0,0,0
181,LP001634,0.021842918985776127,0.1215110279117767,0.08393632416787264,360.0,0.0,N,1,0,0,0,0,0,0,0,0
182,LP001636,0.05504019789734075,0.0,0.09261939218523878,180.0,1.0,Y,1,1,0,1,0,0,0,0,0
183,LP001637,0.4167717996289424,0.0,0.36324167872648333,360.0,1.0,N,1,1,0,1,0,1,0,0,0
184,LP001639,0.04298082869511441,0.0,0.14327062228654122,360.0,1.0,Y,0,1,0,1,0,0,0,0,0
185,LP001640,0.4823376623376623,0.11399908800729594,0.1606367583212735,360.0,1.0,Y,1,1,0,1,0,0,0,0,1
186,LP001641,0.02508348794063079,0.0,0.0824891461649783,300.0,0.0,N,1,1,0,0,0,1,0,0,1
187,LP001643,0.027619047619047613,0.05131158950728394,0.07091172214182344,360.0,0.0,Y,1,1,0,0,0,0,0,0,0
188,LP001644,0.006481137909709336,0.12710298317613458,0.23010130246020258,360.0,1.0,Y,1,1,0,0,0,0,0,0,1
189,LP001647,0.11351886209029063,0.0,0.25904486251808967,180.0,1.0,Y,1,1,0,0,0,0,0,0,0
190,LP001653,0.058565244279529985,0.0,0.05643994211287988,360.0,1.0,Y,1,0,1,0,0,0,0,0,0
191,LP001656,0.1465677179962894,0.0,0.22431259044862514,360.0,1.0,N,1,0,0,1,0,0,0,0,0
192,LP001657,0.07276437847866418,0.0,0.21852387843704774,360.0,1.0,N,1,1,1,0,1,0,0,0,0
193,LP001658,0.045862708719851576,0.0,0.09696092619392185,360.0,1.0,Y,1,0,0,1,0,0,0,0,0
194,LP001664,0.04998144712430426,0.0,0.1606367583212735,360.0,1.0,Y,1,0,0,0,0,0,0,0,0
195,LP001665,0.03679653679653679,0.061991504067967454,0.2329956584659913,360.0,1.0,N,1,1,0,1,0,1,0,0,0
196,LP001666,0.10121212121212118,0.08999928000575995,0.2575976845151953,360.0,1.0,Y,1,0,0,0,0,0,0,0,0
197,LP001669,0.021731601731601727,0.05675954592363261,0.1606367583212735,360.0,1.0,Y,0,0,1,0,1,0,0,0,0
198,LP001671,0.040395794681508966,0.06758345933232535,0.150506512301013,360.0,0.0,Y,0,1,0,1,0,0,0,0,0
199,LP001673,0.13419913419913418,0.0,0.10709117221418234,360.0,1.0,N,1,0,0,0,1,0,0,0,1
200,LP001674,0.030303030303030293,0.05999952000383997,0.11722141823444283,360.0,1.0,Y,1,1,1,1,0,1,0,0,0
201,LP001677,0.05903525046382188,0.0,0.22720694645441386,360.0,0.0,Y,1,0,0,1,0,0,1,0,0
202,LP001682,0.04752009894867037,0.0,0.17221418234442834,180.0,1.0,N,1,1,1,0,1,0,0,1,0
203,LP001688,0.04143475572047001,0.025991792065663474,0.18234442836468884,360.0,1.0,Y,1,1,1,0,1,1,0,0,0
204,LP001691,0.04659245516388373,0.0,0.1664254703328509,360.0,1.0,Y,1,1,1,1,0,0,1,0,0
205,LP001692,0.052665429808286944,0.0,0.1606367583212735,360.0,1.0,Y,0,0,1,1,0,0,0,0,0
206,LP001693,0.038268398268398264,0.0,0.10274963820549927,360.0,1.0,Y,0,0,0,0,1,0,0,0,0
207,LP001698,0.04730983302411873,0.06074351405188758,0.06657018813314038,360.0,1.0,Y,1,0,1,0,0,0,0,0,0
208,LP001699,0.028806431663574515,0.0,0.0723589001447178,360.0,1.0,Y,1,0,0,0,1,0,0,0,0
209,LP001702,0.040420531849103276,0.0,0.170767004341534,360.0,1.0,N,1,0,0,1,0,0,0,0,0
210,LP001708,0.12183055040197895,0.0,0.29667149059334297,360.0,1.0,N,0,0,0,1,0,0,0,0,0
211,LP001711,0.04056895485466914,0.029999760001919985,0.17221418234442834,360.0,0.0,N,1,1,0,1,0,0,0,1,0
212,LP001713,0.09445887445887444,0.0,0.3342981186685962,360.0,1.0,Y,1,1,0,0,1,1,0,0,1
213,LP001715,0.06868274582560295,0.0,0.17510853835021706,360.0,1.0,Y,1,1,1,0,0,0,0,1,1
214,LP001716,0.03739022881880025,0.07250341997264022,0.18523878437047755,360.0,1.0,Y,1,1,0,0,1,0,0,0,0
215,LP001720,0.045763760049474335,0.023591811265509875,0.13169319826338638,360.0,1.0,Y,1,1,1,1,0,0,0,1,0
216,LP001722,0.0,0.04319965440276478,0.18234442836468884,360.0,1.0,N,1,1,0,0,0,0,0,0,0
217,LP001726,0.04424242424242424,0.042599659202726375,0.1765557163531114,360.0,1.0,Y,1,1,0,1,0,0,0,0,0
218,LP001732,0.059987631416202836,0.0,0.09117221418234442,360.0,0.0,N,1,1,0,1,0,0,1,0,0
219,LP001734,0.05111935683364254,0.057191542467660256,0.170767004341534,360.0,0.0,Y,0,1,0,1,0,0,1,0,0
220,LP001736,0.025615337043908466,0.0,0.07380607814761216,360.0,0.0,N,1,1,0,0,1,0,0,0,0
221,LP001743,0.047730364873222006,0.041207670338637294,0.15484804630969606,360.0,1.0,Y,1,1,0,1,0,0,1,0,0
222,LP001744,0.03489177489177489,0.06698346413228694,0.19536903039073802,360.0,1.0,Y,1,0,0,1,0,0,0,0,0
223,LP001749,0.091873840445269,0.024239806081551348,0.24023154848046308,360.0,1.0,Y,1,1,0,1,0,0,0,0,0
224,LP001750,0.07544836116264686,0.0,0.17221418234442834,360.0,1.0,Y,1,1,0,1,0,0,0,0,0
225,LP001751,0.038342609771181195,0.0,0.2329956584659913,360.0,1.0,N,1,1,0,0,0,0,0,0,0
226,LP001754,0.0567099567099567,0.0,0.1866859623733719,360.0,1.0,N,1,1,1,0,1,0,0,0,1
227,LP001758,0.07544836116264686,0.0406796745626035,0.29088277858176553,360.0,1.0,Y,1,1,0,1,0,0,1,0,0
228,LP001760,0.05699443413729127,0.0,0.21562952243125902,480.0,1.0,Y,1,1,0,1,0,0,0,0,0
229,LP001761,0.07730364873222015,0.0,0.276410998552822,360.0,1.0,Y,1,0,0,0,0,0,0,0,1
230,LP001765,0.028954854669140377,0.04929560563515492,0.1374819102749638,360.0,1.0,Y,1,1,0,1,0,1,0,0,0
231,LP001768,0.044106369820655536,0.0,0.04775687409551375,180.0,1.0,Y,1,1,0,0,0,0,0,0,0
232,LP001770,0.03758812615955473,0.062351501187990495,0.1606367583212735,360.0,1.0,Y,1,0,1,0,0,0,0,0,0
233,LP001776,0.10121212121212118,0.0,0.39218523878437045,360.0,1.0,Y,0,0,0,1,0,0,0,0,0
234,LP001778,0.03716759431045145,0.042695658434732525,0.18958031837916062,360.0,1.0,Y,1,1,0,1,0,1,0,0,0
235,LP001784,0.06617192331478045,0.030239758081935346,0.2329956584659913,360.0,1.0,Y,1,1,0,0,0,1,0,0,0
236,LP001786,0.06921459492888063,0.0,0.35600578871201155,360.0,0.0,N,1,1,0,0,1,0,0,0,0
237,LP001788,0.04097711811997526,0.0,0.16353111432706222,360.0,0.0,Y,0,0,0,0,1,0,0,0,1
238,LP001790,0.04529375386518243,0.0,0.14905933429811866,360.0,1.0,Y,0,0,0,0,0,1,0,0,0
239,LP001792,0.03914656771799629,0.0,0.12590448625180894,360.0,1.0,Y,1,1,0,1,0,1,0,0,0
240,LP001798,0.07011750154607296,0.11999904000767994,0.1606367583212735,360.0,1.0,Y,1,1,0,0,0,0,1,0,0
241,LP001800,0.029189857761286325,0.047591619267045866,0.18958031837916062,180.0,1.0,N,1,1,1,0,1,1,0,0,0
242,LP001806,0.03481756338899196,0.13682290541675668,0.21128798842257596,60.0,1.0,Y,1,0,0,0,1,0,0,0,0
243,LP001807,0.07544836116264686,0.031199750401996785,0.14327062228654122,360.0,1.0,Y,1,1,0,0,0,0,1,0,1
244,LP001811,0.040272108843537414,0.10600715194278446,0.16497829232995656,360.0,1.0,Y,1,1,1,1,0,0,0,0,0
245,LP001813,0.07297464440321581,0.10399116807065543,0.1606367583212735,180.0,1.0,N,1,0,0,0,1,0,0,0,1
246,LP001814,0.11815708101422384,0.0,0.14905933429811866,360.0,1.0,Y,1,1,0,0,1,0,1,0,0
247,LP001819,0.07987631416202844,0.0,0.18523878437047755,180.0,1.0,Y,1,1,1,0,1,1,0,0,0
248,LP001824,0.033790970933828074,0.044231646146830825,0.16497829232995656,480.0,1.0,Y,1,1,0,1,0,1,0,0,0
249,LP001825,0.020519480519480517,0.044831641346869226,0.11722141823444283,360.0,1.0,Y,1,1,0,0,1,0,0,0,0
250,LP001835,0.01877551020408163,0.093359253125975,0.2778581765557163,360.0,0.0,N,1,1,1,1,0,0,0,0,0
251,LP001836,0.04053184910327767,0.0,0.1866859623733719,360.0,1.0,N,0,0,0,0,1,0,1,0,0
252,LP001841,0.030092764378478656,0.052007583939328486,0.1374819102749638,360.0,1.0,Y,1,0,1,0,0,0,0,0,1
253,LP001843,0.031057513914656765,0.17042263661890705,0.3907380607814761,180.0,1.0,Y,1,1,1,1,0,1,0,0,0
254,LP001844,0.19913419913419908,0.0,0.2648335745296671,360.0,0.0,N,1,0,0,0,1,0,0,0,1
255,LP001846,0.036277056277056276,0.0,0.35600578871201155,360.0,1.0,Y,0,0,0,0,0,0,0,1,0
256,LP001849,0.07291280148423004,0.0,0.15340086830680172,360.0,0.0,N,1,0,1,0,0,0,0,0,0
257,LP001854,0.06307977736549164,0.0,0.12301013024602024,360.0,1.0,N,1,1,0,0,1,0,0,1,0
258,LP001859,0.17975262832405686,0.050399596803225574,0.426917510853835,360.0,1.0,N,1,1,0,0,0,0,0,0,0
259,LP001864,0.05913419913419913,0.0,0.17221418234442834,360.0,0.0,N,1,1,1,1,0,0,0,1,0
260,LP001865,0.07338280766852194,0.10199918400652795,0.46454413892908825,360.0,0.0,Y,1,1,0,0,1,1,0,0,0
261,LP001868,0.023623995052566474,0.053015575875392996,0.18089725036179446,360.0,1.0,Y,1,0,0,1,0,0,0,0,0
262,LP001870,0.04119975262832405,0.0,0.21128798842257596,36.0,1.0,N,0,0,0,1,0,1,0,0,0
263,LP001871,0.08719851576994433,0.0,0.1606367583212735,360.0,1.0,Y,0,0,0,0,0,0,0,0,0
264,LP001872,0.0620408163265306,0.0,0.17221418234442834,360.0,1.0,Y,1,0,0,1,0,0,0,0,1
265,LP001875,0.04879406307977736,0.08272733818129455,0.20549927641099852,360.0,1.0,Y,1,0,0,0,0,0,0,0,0
266,LP001877,0.056376004947433514,0.033287733698130414,0.20405209840810418,360.0,1.0,Y,1,1,0,1,0,0,1,0,0
267,LP001882,0.0517377860235003,0.043463652290781675,0.21852387843704774,360.0,0.0,Y,1,1,0,0,1,0,0,1,0
268,LP001883,0.040420531849103276,0.0,0.18234442836468884,360.0,1.0,N,0,0,0,0,0,0,0,0,0
269,LP001884,0.03371675943104514,0.03743970048239614,0.11722141823444283,360.0,1.0,Y,0,0,0,0,1,1,0,0,0
270,LP001888,0.03818181818181818,0.0,0.030390738060781478,360.0,1.0,Y,0,0,0,0,1,0,0,0,0
271,LP001891,0.13600494743351885,0.0,0.18379160636758318,360.0,1.0,Y,1,1,0,0,1,0,0,0,0
272,LP001892,0.03318491032776747,0.04456764345885233,0.16931982633863962,360.0,1.0,Y,1,0,0,0,0,0,0,0,0
273,LP001894,0.030550401978973404,0.0533515731874145,0.20405209840810418,360.0,1.0,Y,1,1,0,1,0,0,0,0,0
274,LP001896,0.04638218923933209,0.0,0.11722141823444283,360.0,1.0,Y,1,1,0,1,0,0,1,0,0
275,LP001900,0.032158317872603585,0.04420764633882929,0.15340086830680172,360.0,1.0,Y,1,1,0,1,0,1,0,0,0
276,LP001903,0.04753246753246752,0.07857537139702882,0.28654124457308244,360.0,1.0,Y,1,1,0,1,0,0,0,0,0
277,LP001904,0.03652442795299938,0.031199750401996785,0.10274963820549927,360.0,1.0,Y,1,1,0,0,1,0,0,0,0
278,LP001907,0.17851576994434135,0.0,0.61794500723589,360.0,1.0,Y,1,1,0,1,0,0,0,0,0
279,LP001908,0.04885590599876313,0.0,0.1664254703328509,360.0,0.0,Y,0,1,1,0,0,0,0,0,0
280,LP001910,0.04827458256029684,0.058223534211726304,0.21562952243125902,360.0,0.0,N,1,0,1,0,1,1,0,0,1
281,LP001914,0.04671614100185528,0.01919984640122879,0.14905933429811866,360.0,1.0,Y,1,1,0,1,0,0,0,0,0
282,LP001915,0.026604823747680886,0.02365901043511652,0.09985528219971056,180.0,1.0,Y,1,1,0,0,1,0,1,0,0
283,LP001917,0.020544217687074828,0.03998368013055895,0.06512301013024602,360.0,1.0,Y,0,0,0,0,1,0,0,0,0
284,LP001922,0.25376623376623375,0.0,0.17221418234442834,360.0,1.0,N,1,1,0,0,0,0,0,0,0
285,LP001924,0.03720470006184292,0.07327141382868937,0.11577424023154846,360.0,1.0,Y,1,0,0,0,0,0,0,0,0
286,LP001925,0.030303030303030293,0.041207670338637294,0.130246020260492,300.0,1.0,N,0,0,0,1,0,0,0,0,1
287,LP001926,0.04395794681508967,0.047999616003071975,0.1606367583212735,360.0,1.0,Y,1,1,0,0,0,0,0,0,0
288,LP001931,0.04915275200989486,0.0,0.15340086830680172,360.0,1.0,Y,0,0,0,1,0,0,0,0,0
289,LP001935,0.11574520717377858,0.0,0.2575976845151953,360.0,1.0,Y,1,0,0,0,0,0,0,0,0
290,LP001936,0.036178107606679034,0.05798353613171095,0.18813314037626624,360.0,1.0,Y,1,1,0,0,0,0,0,0,0
291,LP001938,0.0525664811379097,0.0,0.170767004341534,360.0,0.0,N,1,1,0,1,0,0,1,0,0
292,LP001940,0.03714285714285714,0.03743970048239614,0.18089725036179446,360.0,1.0,Y,1,1,0,0,1,0,1,0,0
293,LP001945,0.06514533085961656,0.0,0.19392185238784368,480.0,0.0,N,0,0,0,0,1,0,0,0,0
294,LP001947,0.027619047619047613,0.08001535987712098,0.23589001447178,360.0,1.0,Y,1,1,0,1,0,0,0,0,0
295,LP001949,0.052764378478664185,0.029999760001919985,0.14616497829232994,360.0,1.0,Y,1,1,0,0,1,0,0,1,0
296,LP001953,0.08317872603586889,0.0,0.276410998552822,360.0,1.0,Y,1,1,0,1,0,1,0,0,0
297,LP001954,0.05585652442795299,0.0,0.18234442836468884,360.0,1.0,Y,0,1,0,0,1,1,0,0,0
298,LP001955,0.059987631416202836,0.060983512131902944,0.20549927641099852,480.0,1.0,N,0,0,0,0,0,0,0,0,0
299,LP001963,0.023055040197897336,0.07019943840449276,0.150506512301013,360.0,1.0,N,1,1,0,0,1,1,0,0,0
300,LP001964,0.02040816326530612,0.07041543667650658,0.1215629522431259,360.0,0.0,N,1,1,1,0,1,0,0,0,0
301,LP001972,0.03370439084724799,0.04199966400268798,0.13892908827785816,360.0,1.0,Y,1,1,1,1,0,0,0,0,0
302,LP001974,0.059987631416202836,0.0,0.17800289435600578,360.0,1.0,Y,0,0,0,0,0,0,0,0,0
303,LP001977,0.018243661100803953,0.04327165382676939,0.12590448625180894,360.0,1.0,Y,1,1,0,0,1,1,0,0,0
304,LP001978,0.04761904761904761,0.05999952000383997,0.18958031837916062,360.0,1.0,Y,1,0,0,0,0,0,0,0,0
305,LP001990,0.022881880024737164,0.0,0.17221418234442834,360.0,1.0,N,1,0,1,0,1,0,0,0,0
306,LP001993,0.044675324675324674,0.03998368013055895,0.18234442836468884,360.0,1.0,Y,0,0,0,0,0,0,0,0,0
307,LP001994,0.02782931354359925,0.044711642306861546,0.1374819102749638,360.0,0.0,N,0,0,0,0,1,0,0,0,0
308,LP001996,0.24839826839826837,0.0,0.6816208393632417,360.0,1.0,N,1,0,0,0,0,0,0,0,0
309,LP001998,0.09297464440321582,0.0,0.25470332850940663,360.0,0.0,Y,1,1,1,0,0,0,1,0,0
310,LP002002,0.034223871366728505,0.0,0.1085383502170767,360.0,1.0,Y,0,0,0,1,0,0,0,0,0
311,LP002004,0.034347557204700056,0.05771953824369405,0.14761215629522428,360.0,1.0,Y,1,0,1,1,0,0,0,0,0
312,LP002006,0.02915275200989486,0.0,0.06801736613603473,360.0,1.0,Y,0,0,0,0,0,0,0,0,0
313,LP002008,0.06921459492888063,0.0,0.19536903039073802,84.0,0.0,Y,1,1,0,0,0,0,1,0,1
314,LP002024,0.028732220160791584,0.044231646146830825,0.21707670043415336,360.0,1.0,N,1,1,0,0,0,0,0,0,0
315,LP002031,0.04018552875695733,0.03935968512251902,0.14761215629522428,180.0,1.0,Y,1,1,1,0,1,1,0,0,0
316,LP002035,0.04411873840445269,0.0,0.1606367583212735,360.0,1.0,Y,1,1,0,1,0,0,1,0,0
317,LP002036,0.023599257884972163,0.0512155902752778,0.11432706222865412,360.0,0.0,Y,1,1,0,0,1,0,0,0,0
318,LP002043,0.04194186765615337,0.0,0.14905933429811866,360.0,0.0,Y,0,0,0,1,0,1,0,0,0
319,LP002050,0.12183055040197895,0.0,0.21128798842257596,360.0,1.0,N,1,1,0,0,0,1,0,0,1
320,LP002051,0.02782931354359925,0.052007583939328486,0.15340086830680172,360.0,1.0,Y,1,1,0,1,0,0,0,0,0
321,LP002053,0.051849103277674696,0.004535963712290302,0.1664254703328509,360.0,1.0,Y,1,1,0,1,0,0,0,1,0
322,LP002054,0.042683982683982685,0.03815969472244222,0.17221418234442834,360.0,1.0,Y,1,1,1,0,0,0,1,0,0
323,LP002055,0.03730364873222016,0.07163942688458493,0.17800289435600578,360.0,0.0,Y,0,0,0,0,0,0,0,0,0
324,LP002065,0.18367346938775508,0.0,0.42112879884225757,360.0,1.0,Y,1,1,0,0,0,0,0,1,0
325,LP002067,0.10533085961657387,0.11959104327165383,0.5311143270622286,360.0,0.0,N,1,1,0,0,0,1,0,0,1
326,LP002068,0.05896103896103895,0.0,0.17510853835021706,360.0,0.0,Y,1,0,0,0,0,0,0,0,0
327,LP002082,0.0701051329622758,0.05183958528331773,0.2532561505065123,360.0,1.0,Y,1,1,0,1,0,0,0,0,1
328,LP002086,0.0517377860235003,0.058823529411764705,0.14616497829232994,360.0,1.0,N,0,1,0,0,1,0,0,0,0
329,LP002087,0.029066171923314774,0.0,0.08393632416787264,360.0,1.0,Y,0,0,0,0,1,0,0,0,0
330,LP002097,0.05236858379715522,0.04303165574675403,0.15629522431259044,360.0,1.0,Y,1,0,0,0,1,1,0,0,0
331,LP002098,0.034446505875077305,0.0,0.12879884225759766,360.0,1.0,Y,1,0,0,1,0,0,0,0,0
332,LP002100,0.03318491032776747,0.0,0.08972503617945007,360.0,1.0,Y,1,0,0,0,1,0,0,0,0
333,LP002101,0.781533704390847,0.0,0.6960926193921853,180.0,1.0,Y,1,1,0,0,1,0,0,0,0
334,LP002103,0.11976499690785403,0.043991648066815464,0.25036179450072354,180.0,1.0,Y,1,1,0,0,1,1,0,0,1
335,LP002106,0.0662090290661719,0.10775913792689659,0.08827785817655572,360.0,1.0,Y,1,1,0,1,0,0,0,0,1
336,LP002110,0.06307977736549164,0.016511867905056758,0.21852387843704774,360.0,1.0,Y,1,1,0,0,0,1,0,0,0
337,LP002112,0.029066171923314774,0.11039911680706554,0.24167872648335742,360.0,1.0,Y,1,1,0,0,0,0,1,0,1
338,LP002113,0.020779220779220776,0.0,0.17221418234442834,360.0,0.0,N,0,0,1,0,1,0,0,1,0
339,LP002114,0.04959802102659245,0.0,0.08972503617945007,360.0,1.0,Y,0,0,0,1,0,0,0,0,0
340,LP002115,0.030884353741496593,0.03808769529843761,0.23733719247467433,360.0,1.0,N,1,1,1,0,0,0,0,1,0
341,LP002116,0.027557204700061837,0.0,0.053545586107091175,360.0,1.0,N,0,0,0,0,0,0,0,0,0
342,LP002119,0.054471243042671605,0.02949576403388773,0.21562952243125902,360.0,1.0,Y,1,1,1,0,1,1,0,0,0
343,LP002126,0.03739022881880025,0.0,0.09406657018813314,360.0,1.0,Y,1,1,1,1,0,0,0,1,0
344,LP002128,0.030092764378478656,0.055919552643578854,0.16787264833574528,360.0,1.0,Y,1,1,0,0,0,0,1,0,0
345,LP002129,0.02905380333951762,0.05899152806777546,0.21852387843704774,360.0,1.0,Y,1,1,0,1,0,0,0,0,0
346,LP002130,0.041719233147804576,0.07751937984496124,0.2069464544138929,360.0,0.0,N,1,1,1,0,0,0,0,0,0
347,LP002131,0.036277056277056276,0.052031583747330024,0.16931982633863962,360.0,1.0,Y,1,1,1,0,1,0,1,0,0
348,LP002137,0.07647495361781075,0.10999112007103944,0.361794500723589,360.0,0.0,Y,1,1,0,1,0,0,0,0,0
349,LP002138,0.03061224489795918,0.14999880000959992,0.2575976845151953,360.0,1.0,Y,1,1,0,0,0,0,0,0,0
350,LP002139,0.11048855905998761,0.0,0.3169319826338639,360.0,1.0,Y,1,1,0,1,0,0,0,0,0
351,LP002140,0.10636982065553492,0.10000719994240047,0.4327062228654124,360.0,1.0,N,1,0,0,0,0,0,0,0,0
352,LP002141,0.03111935683364254,0.049991600067199465,0.12445730824891461,360.0,1.0,Y,1,1,0,0,0,0,0,1,0
353,LP002142,0.06617192331478045,0.0,0.13892908827785816,360.0,0.0,N,0,1,0,0,0,0,0,0,1
354,LP002143,0.028113790970933823,0.012119903040775674,0.17510853835021706,360.0,1.0,Y,0,1,0,1,0,0,0,0,0
355,LP002144,0.04530612244897959,0.0,0.15484804630969606,180.0,1.0,Y,0,0,0,0,1,0,0,0,0
356,LP002149,0.10121212121212118,0.07600739194086448,0.22575976845151952,360.0,1.0,Y,1,1,0,0,0,0,1,0,0
357,LP002151,0.046072974644403214,0.0,0.08393632416787264,360.0,1.0,N,1,1,0,0,1,1,0,0,0
358,LP002158,0.03525046382189239,0.03998368013055895,0.13169319826338638,480.0,0.0,N,1,1,1,0,1,0,0,0,0
359,LP002160,0.06205318491032776,0.07600739194086448,0.276410998552822,360.0,1.0,Y,1,1,0,1,0,0,0,1,0
360,LP002161,0.05656153370439084,0.0,0.10419681620839363,360.0,1.0,N,0,0,0,1,0,1,0,0,0
361,LP002170,0.059987631416202836,0.08800729594163247,0.3285094066570188,360.0,1.0,Y,1,1,0,1,0,0,1,0,0
362,LP002175,0.05689548546691403,0.05599155206758346,0.17510853835021706,360.0,1.0,Y,1,1,0,0,1,0,0,0,0
363,LP002178,0.03541125541125541,0.07279141766865865,0.12445730824891461,300.0,0.0,Y,1,1,0,0,1,0,0,0,0
364,LP002180,0.08252319109461966,0.0,0.19102749638205496,360.0,1.0,Y,1,0,0,0,0,0,0,0,1
365,LP002181,0.07502782931354358,0.0,0.17945007235890012,360.0,1.0,N,1,0,1,0,0,0,0,0,0
366,LP002187,0.029066171923314774,0.0,0.12590448625180894,480.0,1.0,N,1,0,0,1,0,0,0,0,0
367,LP002188,0.06152133580705008,0.0,0.1664254703328509,360.0,0.0,N,1,0,0,0,0,0,0,0,0
368,LP002190,0.0763760049474335,0.0,0.24023154848046308,360.0,1.0,Y,1,1,0,1,0,1,0,0,0
369,LP002191,0.24217687074829927,0.12638298893608851,0.8118668596237337,360.0,1.0,N,1,1,0,0,0,0,0,0,0
370,LP002194,0.19306122448979587,0.0,0.06657018813314038,360.0,1.0,Y,0,0,0,1,0,0,0,0,1
371,LP002197,0.062275819418676555,0.0,0.21128798842257596,360.0,1.0,Y,1,1,0,1,0,0,1,0,0
372,LP002201,0.11345701917130487,0.18895048839609282,0.5369030390738061,300.0,1.0,Y,1,1,0,0,0,0,1,0,1
373,LP002205,0.03601731601731602,0.04768761849905201,0.14761215629522428,180.0,0.0,N,1,0,0,0,1,1,0,0,0
374,LP002209,0.03233147804576376,0.03501571987424101,0.14616497829232994,360.0,1.0,Y,0,0,0,0,1,0,0,0,0
375,LP002211,0.057724180581323434,0.02215182278541772,0.1606367583212735,180.0,1.0,Y,1,1,0,0,1,0,0,0,0
376,LP002219,0.10636982065553492,0.11990304077567379,0.17510853835021706,360.0,1.0,Y,1,1,0,0,0,0,0,1,0
377,LP002223,0.05145330859616573,0.0,0.17510853835021706,360.0,0.0,Y,1,1,0,1,0,0,0,0,0
378,LP002224,0.0361038961038961,0.0,0.08972503617945007,480.0,1.0,N,1,0,0,0,1,0,0,0,0
379,LP002225,0.06482374768089053,0.0,0.17510853835021706,360.0,1.0,Y,1,1,0,0,1,0,1,0,0
380,LP002226,0.03936920222634508,0.05999952000383997,0.17221418234442834,360.0,1.0,Y,1,1,0,1,0,0,0,0,0
381,LP002229,0.0716264687693259,0.1015671874625003,0.41534008683068013,360.0,1.0,Y,1,0,0,1,0,0,0,0,0
382,LP002231,0.07235621521335805,0.0,0.2127351664254703,360.0,1.0,Y,0,0,0,0,1,0,0,0,0
383,LP002234,0.08679035250463821,0.0,0.17221418234442834,360.0,1.0,Y,1,0,0,0,1,0,0,0,1
384,LP002236,0.05461966604823747,0.0,0.13169319826338638,360.0,1.0,N,1,1,0,0,1,0,1,0,0
385,LP002237,0.043500309214594926,0.0,0.150506512301013,180.0,1.0,Y,1,0,0,0,1,1,0,0,0
386,LP002239,0.027161410018552868,0.03839969280245758,0.17800289435600578,360.0,1.0,Y,1,0,1,1,0,0,0,0,0
387,LP002243,0.03537414965986394,0.07526339789281686,0.17221418234442834,360.0,0.0,N,1,1,1,0,1,0,0,0,0
388,LP002244,0.02700061842918985,0.05800753593971248,0.18379160636758318,360.0,1.0,Y,1,1,0,0,1,0,0,0,0
389,LP002250,0.06602350030921458,0.0,0.16787264833574528,360.0,1.0,Y,1,1,0,0,0,0,0,0,0
390,LP002255,0.11152752009894865,0.0,0.25470332850940663,360.0,1.0,Y,1,0,0,0,0,0,0,1,0
391,LP002262,0.11569573283858996,0.0,0.38494934876989867,360.0,1.0,Y,1,1,0,0,0,0,0,1,0
392,LP002263,0.030092764378478656,0.050759593923248615,0.1606367583212735,360.0,0.0,Y,1,1,0,0,1,0,0,0,0
393,LP002265,0.022795299938157078,0.03899968800249598,0.150506512301013,180.0,1.0,Y,1,1,1,1,0,0,1,0,0
394,LP002266,0.036487322201607914,0.03359973120215038,0.150506512301013,360.0,1.0,Y,1,1,0,0,1,0,1,0,0
395,LP002272,0.038664192949907236,0.011615907072743419,0.18234442836468884,360.0,0.0,Y,1,1,0,1,0,0,1,0,0
396,LP002277,0.037476808905380334,0.0,0.08972503617945007,360.0,0.0,N,0,0,0,0,1,0,0,0,0
397,LP002281,0.03565862708719851,0.03501571987424101,0.12445730824891461,360.0,1.0,Y,1,1,0,0,1,0,0,0,0
398,LP002284,0.0464069264069264,0.03998368013055895,0.14471780028943557,360.0,1.0,Y,1,0,1,0,0,0,0,0,0
399,LP002287,0.01669758812615955,0.04319965440276478,0.13603473227206944,360.0,0.0,N,0,0,0,1,0,0,0,0,0
400,LP002288,0.03387755102040816,0.0,0.05209840810419682,180.0,0.0,N,1,1,1,0,1,0,1,0,0
401,LP002296,0.03222016079158936,0.0,0.08104196816208394,300.0,1.0,N,1,0,1,0,0,0,0,0,0
402,LP002297,0.029066171923314774,0.47999616003071977,0.13603473227206944,360.0,1.0,Y,1,0,0,1,0,0,0,0,0
403,LP002300,0.02242424242424242,0.0,0.06367583212735166,360.0,1.0,Y,0,0,1,1,0,0,0,0,0
404,LP002301,0.09017934446505874,0.0,0.26772793053545585,360.0,1.0,N,0,0,0,0,0,0,0,0,1
405,LP002305,0.05438466295609152,0.0,0.15340086830680172,360.0,1.0,Y,0,0,0,1,0,0,0,0,0
406,LP002308,0.024947433518862083,0.05759953920368637,0.15340086830680172,360.0,1.0,Y,1,1,1,0,1,0,0,0,0
407,LP002314,0.025516388373531224,0.0,0.0824891461649783,360.0,1.0,Y,0,0,1,0,0,0,0,0,0
408,LP002315,0.10080395794681506,0.0,0.2069464544138929,300.0,0.0,N,1,1,0,1,0,1,0,0,0
409,LP002317,1.0,0.0,0.507959479015919,360.0,0.0,N,1,1,0,0,0,0,0,1,0
410,LP002318,0.04597402597402597,0.0,0.07670043415340086,360.0,1.0,N,0,0,1,1,0,1,0,0,1
411,LP002319,0.07552257266542979,0.0,0.21852387843704774,360.0,0.0,Y,1,1,0,0,1,0,0,0,0
412,LP002328,0.07354359925788496,0.0,0.30246020260492035,360.0,0.0,N,1,1,1,0,0,0,0,0,0
413,LP002332,0.026011131725417434,0.04879160966712266,0.14616497829232994,360.0,1.0,Y,1,1,1,0,0,0,0,0,0
414,LP002335,0.02472479901051329,0.07768737850097199,0.2445730824891461,360.0,0.0,N,0,1,1,1,0,0,0,0,0
415,LP002337,0.035188620902906614,0.0,0.07380607814761216,360.0,1.0,Y,0,0,0,0,1,0,0,0,0
416,LP002341,0.030303030303030293,0.0,0.21852387843704774,360.0,1.0,N,0,0,0,0,1,1,0,0,0
417,LP002342,0.017934446505875074,0.47999616003071977,0.33285094066570187,360.0,1.0,N,1,1,0,0,1,0,1,0,1
418,LP002345,0.010822510822510822,0.06655146758825929,0.14905933429811866,360.0,1.0,Y,1,1,0,0,0,0,0,0,0
419,LP002347,0.038293135435992574,0.034007727938176496,0.1866859623733719,360.0,1.0,Y,1,1,0,1,0,0,0,0,0
420,LP002348,0.07024118738404452,0.0,0.1866859623733719,360.0,1.0,Y,1,1,0,0,0,0,0,0,0
421,LP002357,0.03178726035868893,0.0,0.10274963820549927,360.0,0.0,N,0,0,1,0,1,0,0,0,0
422,LP002361,0.020655534941249224,0.04125566995464036,0.13169319826338638,360.0,1.0,Y,1,1,0,0,1,0,0,0,0
423,LP002362,0.08781694495980209,0.04000767993856049,0.14616497829232994,360.0,0.0,N,1,1,0,0,1,1,0,0,0
424,LP002364,0.18218923933209646,0.0,0.12590448625180894,360.0,1.0,Y,1,1,0,1,0,0,0,0,0
425,LP002366,0.03111935683364254,0.10319917440660475,0.16208393632416784,360.0,1.0,Y,1,1,0,0,0,0,0,0,0
426,LP002367,0.05511440940012368,0.0,0.10419681620839363,360.0,1.0,N,0,0,1,0,0,1,0,0,0
427,LP002368,0.07155225726654296,0.0,0.17945007235890012,360.0,1.0,Y,1,1,0,1,0,0,1,0,0
428,LP002369,0.03426097711811997,0.0003868769251445988,0.11287988422575977,360.0,1.0,Y,1,1,0,0,0,0,0,0,0
429,LP002370,0.031750154607297465,0.0,0.07380607814761216,180.0,1.0,Y,1,0,1,0,1,0,0,0,0
430,LP002377,0.10481137909709336,0.0,0.20405209840810418,360.0,1.0,Y,0,0,0,1,0,1,0,0,1
431,LP002379,0.07854050711193566,0.0,0.13892908827785816,360.0,0.0,N,1,0,0,0,0,0,0,0,0
432,LP002386,0.15740259740259738,0.0,0.573082489146165,360.0,1.0,Y,1,0,0,1,0,0,0,0,0
433,LP002387,0.028138528138528133,0.056159550723594215,0.19392185238784368,360.0,1.0,Y,1,1,0,1,0,0,0,0,0
434,LP002390,0.04452690166975881,0.0,0.13169319826338638,360.0,1.0,Y,1,0,0,0,1,0,0,0,0
435,LP002393,0.12241187384044525,0.0,0.17221418234442834,240.0,1.0,Y,0,1,0,1,0,0,0,0,0
436,LP002398,0.02196660482374768,0.04442364461084311,0.059334298118668596,360.0,1.0,Y,1,0,0,1,0,0,0,0,0
437,LP002401,0.025516388373531224,0.026999784001727985,0.17221418234442834,360.0,1.0,Y,1,1,0,0,1,0,0,0,0
438,LP002403,0.12697588126159554,0.0,0.2575976845151953,360.0,0.0,N,1,0,0,0,1,0,0,0,1
439,LP002407,0.08648113790970932,0.0,0.1866859623733719,360.0,1.0,Y,0,1,1,0,0,0,0,0,1
440,LP002408,0.04341372912801484,0.12153502771977824,0.2575976845151953,360.0,1.0,Y,1,0,0,1,0,0,0,0,0
441,LP002409,0.09586889301175013,0.043991648066815464,0.24746743849493485,360.0,1.0,Y,1,1,0,0,0,0,0,0,0
442,LP002418,0.05636363636363636,0.04783161734706123,0.20115774240231546,360.0,1.0,Y,1,0,1,1,0,0,0,1,0
443,LP002422,0.46467532467532463,0.0,0.2069464544138929,360.0,1.0,Y,1,0,0,1,0,1,0,0,0
444,LP002424,0.08884353741496598,0.19999040007679939,0.24023154848046308,300.0,0.0,Y,1,1,0,0,0,0,0,0,0
445,LP002429,0.041014223871366724,0.029039767681858546,0.17510853835021706,360.0,1.0,Y,1,1,0,0,0,1,0,0,1
446,LP002434,0.05568336425479282,0.0,0.14616497829232994,360.0,1.0,Y,1,1,1,0,0,0,1,0,0
447,LP002435,0.04191713048855906,0.033023735810113516,0.06657018813314038,360.0,1.0,N,1,1,0,0,0,0,0,0,0
448,LP002443,0.03945578231292517,0.04103967168262654,0.20405209840810418,360.0,0.0,N,1,1,0,0,0,0,1,0,0
449,LP002444,0.032393320964749533,0.03700770393836849,0.2619392185238784,360.0,0.0,N,1,0,1,1,0,1,0,0,1
450,LP002446,0.026703772418058127,0.030119759041927666,0.16787264833574528,360.0,0.0,N,1,1,1,0,0,0,1,0,0
451,LP002447,0.022362399505256644,0.0349437204502364,0.07380607814761216,300.0,0.0,Y,1,1,1,0,1,0,1,0,0
452,LP002448,0.04697588126159554,0.041591667266661865,0.2026049204052098,360.0,0.0,N,1,1,0,0,0,0,0,0,0
453,LP002449,0.028855905998763136,0.059183526531787746,0.11722141823444283,180.0,0.0,Y,1,1,0,0,0,0,0,0,0
454,LP002453,0.08577612863327148,0.0,0.1085383502170767,360.0,1.0,Y,1,0,0,1,0,0,0,0,1
455,LP002455,0.04587507730364873,0.0,0.12590448625180894,360.0,1.0,Y,1,1,0,1,0,0,1,0,0
456,LP002459,0.051341991341991335,0.0,0.15774240231548478,360.0,1.0,Y,1,1,0,0,1,0,0,0,0
457,LP002467,0.04400742115027829,0.06165550675594595,0.23733719247467433,360.0,1.0,N,1,1,0,0,1,0,0,0,0
458,LP002472,0.05199752628324056,0.0,0.18379160636758318,360.0,1.0,Y,1,0,0,0,0,0,1,0,0
459,LP002473,0.10122448979591835,0.0,0.21852387843704774,360.0,1.0,N,1,1,0,1,0,0,0,0,0
460,LP002478,0.023908472479901046,0.09799121607027143,0.21852387843704774,360.0,0.0,Y,1,1,0,1,0,0,0,0,1
461,LP002484,0.09387755102040814,0.0,0.17221418234442834,180.0,1.0,Y,1,1,0,0,1,0,0,1,0
462,LP002487,0.03543599257884972,0.052511579907360745,0.20839363241678724,360.0,1.0,Y,1,1,0,0,0,0,0,0,0
463,LP002489,0.062350030921459486,0.0,0.17800289435600578,360.0,1.0,Y,0,0,1,1,0,1,0,0,0
464,LP002493,0.04967223252937538,0.0,0.12879884225759766,360.0,0.0,N,1,0,0,1,0,0,0,0,0
465,LP002494,0.07235621521335805,0.0,0.18958031837916062,360.0,1.0,Y,1,0,0,0,0,0,0,0,0
466,LP002500,0.034594928880643167,0.039935680514555885,0.08827785817655572,180.0,0.0,N,1,1,1,0,1,0,0,1,0
467,LP002501,0.2046011131725417,0.0,0.14616497829232994,360.0,1.0,Y,1,1,0,1,0,0,0,0,0
468,LP002502,0.0007421150278293133,0.07000743994048048,0.12879884225759766,360.0,1.0,Y,0,1,1,1,0,0,1,0,0
469,LP002505,0.0517377860235003,0.058823529411764705,0.14616497829232994,360.0,1.0,N,1,1,0,0,1,0,0,0,0
470,LP002515,0.04081632653061224,0.049895600835193316,0.22141823444283645,360.0,1.0,Y,1,1,0,1,0,1,0,0,1
471,LP002517,0.030958565244279524,0.03599971200230398,0.150506512301013,180.0,0.0,N,1,1,1,0,0,1,0,0,0
472,LP002519,0.05616573902288187,0.0,0.13169319826338638,360.0,1.0,Y,1,1,0,1,0,0,0,1,0
473,LP002522,0.029066171923314774,0.0,0.1215629522431259,360.0,0.0,Y,0,0,0,0,1,0,0,0,1
474,LP002524,0.06656771799628941,0.11155110759113927,0.22141823444283645,360.0,1.0,Y,1,0,0,0,0,0,1,0,0
475,LP002527,0.20253555967841677,0.02433580531355749,0.20405209840810418,360.0,1.0,Y,1,1,0,0,0,0,1,0,1
476,LP002529,0.08101422387136671,0.04199966400268798,0.31982633863965265,300.0,1.0,Y,1,1,0,1,0,0,1,0,0
477,LP002530,0.03367965367965368,0.04492764057887537,0.17800289435600578,360.0,0.0,N,1,1,0,1,0,0,1,0,0
478,LP002531,0.20429189857761282,0.05399956800345597,0.11143270622286541,360.0,1.0,Y,1,1,0,1,0,1,0,0,1
479,LP002533,0.034594928880643167,0.03847169222646219,0.17221418234442834,360.0,1.0,N,1,1,0,0,1,0,1,0,0
480,LP002534,0.05194805194805194,0.0,0.20984081041968158,360.0,1.0,Y,0,0,1,0,0,0,0,0,0
481,LP002536,0.03642547928262214,0.0,0.150506512301013,360.0,1.0,Y,1,1,1,0,0,0,0,1,0
482,LP002537,0.023908472479901046,0.07559939520483837,0.17221418234442834,360.0,1.0,Y,1,1,0,1,0,0,0,0,0
483,LP002541,0.13213358070500925,0.0,0.3256150506512301,360.0,1.0,Y,1,1,0,1,0,0,0,0,0
484,LP002543,0.10121212121212118,0.0,0.34298118668596234,360.0,1.0,Y,1,1,0,1,0,0,1,0,0
485,LP002544,0.022362399505256644,0.058463532291741664,0.1765557163531114,360.0,1.0,Y,1,1,1,0,0,1,0,0,0
486,LP002545,0.0420160791589363,0.0,0.10274963820549927,360.0,0.0,N,1,0,0,0,0,0,1,0,0
487,LP002547,0.22489795918367342,0.0,0.7105643994211288,360.0,1.0,N,1,1,0,0,1,1,0,0,0
488,LP002555,0.054829931972789105,0.049991600067199465,0.21852387843704774,360.0,1.0,Y,1,1,0,1,0,0,1,0,1
489,LP002556,0.028262213976499685,0.0,0.0955137481910275,360.0,1.0,N,1,0,0,0,1,0,0,0,0
490,LP002560,0.031527520098948665,0.06683946528427773,0.12590448625180894,360.0,0.0,Y,1,0,1,1,0,0,0,0,0
491,LP002562,0.06410636982065553,0.027143782849737202,0.256150506512301,360.0,0.0,Y,1,1,1,0,1,1,0,0,0
492,LP002571,0.04379715522572665,0.0,0.14616497829232994,360.0,1.0,Y,1,0,1,0,0,0,0,0,0
493,LP002582,0.21166357452071732,0.0,0.3125904486251809,360.0,1.0,Y,0,0,1,1,0,0,0,0,1
494,LP002585,0.04263450834879406,0.051767585859313126,0.15918958031837913,360.0,0.0,N,1,1,0,0,0,0,0,0,0
495,LP002586,0.039282622139764994,0.021911824705402358,0.13892908827785816,84.0,1.0,Y,0,1,0,1,0,1,0,0,0
496,LP002587,0.030303030303030293,0.04079967360261118,0.14182344428364688,360.0,1.0,Y,1,1,1,0,0,0,0,0,0
497,LP002588,0.05534941249226963,0.06856745146038831,0.14761215629522428,12.0,0.0,Y,1,1,0,0,1,0,0,0,0
498,LP002600,0.03395176252319109,0.0,0.12445730824891461,360.0,1.0,Y,1,1,0,1,0,1,0,0,1
499,LP002602,0.07585652442795299,0.10598315213478292,0.2894356005788712,360.0,0.0,N,1,0,0,0,0,0,0,0,0
500,LP002603,0.006122448979591835,0.08839129286965704,0.150506512301013,480.0,1.0,Y,0,0,0,0,0,0,0,0,0
501,LP002606,0.037217068645640075,0.0,0.13169319826338638,360.0,1.0,Y,0,0,0,1,0,0,0,0,0
502,LP002615,0.05831787260358688,0.1349749202006384,0.2879884225759768,360.0,1.0,Y,1,1,0,1,0,0,1,0,0
503,LP002618,0.048237476808905375,0.1272469820241438,0.1866859623733719,360.0,0.0,N,1,1,1,0,0,1,0,0,0
504,LP002619,0.04531849103277674,0.03559171526627787,0.1664254703328509,300.0,1.0,Y,1,1,1,1,0,0,0,0,0
505,LP002622,0.04155844155844156,0.10598315213478292,0.33863965267727925,360.0,1.0,Y,1,1,0,0,0,0,1,0,0
506,LP002624,0.2558194186765615,0.16000671994624044,0.6816208393632417,360.0,0.0,Y,1,1,0,0,1,0,0,0,0
507,LP002625,0.042461348175633885,0.0,0.12590448625180894,360.0,1.0,N,1,0,0,0,1,0,0,0,0
508,LP002626,0.028806431663574515,0.07231142150862793,0.25904486251808967,360.0,1.0,Y,1,1,0,0,1,0,0,0,1
509,LP002634,0.16217687074829928,0.0,0.04486251808972504,360.0,1.0,Y,0,0,0,0,1,1,0,0,0
510,LP002637,0.04264687693259122,0.030887752897976815,0.13169319826338638,360.0,1.0,N,1,0,1,0,0,0,0,0,0
511,LP002640,0.07316017316017315,0.04809561523507812,0.34876989869753977,360.0,1.0,Y,1,1,0,1,0,1,0,0,0
512,LP002643,0.03875077303648732,0.04883960928312574,0.20115774240231546,360.0,1.0,Y,1,1,0,0,1,0,1,0,0
513,LP002648,0.02448979591836734,0.1599827201382389,0.08827785817655572,180.0,1.0,N,1,1,0,1,0,0,0,0,0
514,LP002652,0.07006802721088434,0.08798329613363093,0.43704775687409547,360.0,1.0,N,1,0,0,0,0,0,0,0,0
515,LP002659,0.041014223871366724,0.08227134182926536,0.20405209840810418,360.0,1.0,Y,1,1,0,0,0,0,0,1,0
516,LP002670,0.023265306122448978,0.039167686658506735,0.150506512301013,480.0,1.0,Y,0,1,0,1,0,0,1,0,0
517,LP002682,0.03616573902288188,0.04319965440276478,0.16497829232995656,360.0,0.0,N,1,1,1,1,0,0,0,0,0
518,LP002683,0.05606679035250463,0.04595963232294142,0.25470332850940663,360.0,1.0,N,1,0,0,1,0,0,0,0,0
519,LP002684,0.04019789734075448,0.0,0.12445730824891461,360.0,1.0,N,0,0,1,0,0,0,0,0,0
520,LP002689,0.025256648113790966,0.04180766553867569,0.05209840810419682,360.0,1.0,Y,1,1,1,1,0,0,1,0,0
521,LP002690,0.029066171923314774,0.0,0.06657018813314038,360.0,1.0,Y,1,0,0,1,0,0,0,0,0
522,LP002692,0.06836116264687692,0.034175726594187245,0.13169319826338638,360.0,1.0,Y,1,1,0,0,0,0,0,1,1
523,LP002693,0.09645021645021642,0.1719826241390069,0.6816208393632417,360.0,1.0,Y,1,1,0,0,0,0,1,0,1
524,LP002697,0.05602968460111316,0.05008759929920561,0.17221418234442834,360.0,1.0,N,1,0,0,1,0,0,0,0,0
525,LP002699,0.21459492888064313,0.0,0.5658465991316932,360.0,1.0,Y,1,1,0,0,0,0,1,0,1
526,LP002705,0.04483611626468769,0.0,0.14616497829232994,360.0,1.0,Y,1,1,0,1,0,0,0,0,0
527,LP002706,0.06351267779839206,0.03431972544219646,0.21997105643994208,360.0,0.0,Y,1,1,1,1,0,1,0,0,0
528,LP002714,0.03128014842300556,0.031247750017999856,0.12301013024602024,360.0,1.0,Y,1,0,1,1,0,1,0,0,0
529,LP002716,0.0820408163265306,0.0,0.17510853835021706,360.0,1.0,Y,1,0,1,1,0,0,0,0,0
530,LP002717,0.010822510822510822,0.13199894400844794,0.29956584659913166,360.0,0.0,Y,1,1,0,0,0,0,0,0,0
531,LP002720,0.05109461966604823,0.0,0.13169319826338638,360.0,1.0,Y,1,1,0,0,1,0,0,1,0
532,LP002723,0.04252319109461966,0.0,0.14616497829232994,360.0,0.0,N,1,0,0,0,0,0,1,0,0
533,LP002729,0.13729128014842298,0.0,0.27062228654124454,360.0,0.0,N,1,0,0,1,0,1,0,0,0
534,LP002731,0.22282003710575135,0.0,0.16787264833574528,360.0,1.0,Y,0,0,1,0,1,0,0,0,1
535,LP002732,0.029684601113172535,0.049007607939136485,0.16931982633863962,360.0,1.0,Y,1,0,1,0,0,0,0,0,0
536,LP002734,0.0740012368583797,0.09374325005399957,0.4558610709117221,360.0,1.0,Y,1,1,0,0,1,0,0,0,0
537,LP002738,0.04288188002473717,0.0,0.14182344428364688,360.0,1.0,Y,1,0,0,1,0,0,1,0,0
538,LP002739,0.034223871366728505,0.01286389708882329,0.0824891461649783,360.0,1.0,N,1,1,1,0,0,0,0,0,0
539,LP002740,0.07751391465677178,0.0,0.21418234442836467,180.0,1.0,Y,1,1,0,0,0,0,0,1,0
540,LP002741,0.05513914656771799,0.06827945376436989,0.18958031837916062,180.0,1.0,Y,0,1,0,1,0,1,0,0,0
541,LP002743,0.024588744588744584,0.0,0.130246020260492,360.0,0.0,N,0,0,0,1,0,0,0,0,0
542,LP002753,0.0433147804576376,0.0,0.12445730824891461,360.0,1.0,Y,0,0,0,1,0,1,0,0,0
543,LP002755,0.02583797155225726,0.060575515395876835,0.17221418234442834,360.0,1.0,Y,1,1,1,0,1,1,0,0,0
544,LP002757,0.03546072974644403,0.01591187270501836,0.1345875542691751,360.0,0.0,Y,0,1,1,1,0,0,0,0,0
545,LP002767,0.03238095238095238,0.04679962560299518,0.21128798842257596,360.0,1.0,Y,1,1,0,0,0,0,0,0,0
546,LP002768,0.03967841682127396,0.0,0.10274963820549927,36.0,1.0,N,1,0,1,1,0,0,0,0,0
547,LP002772,0.02938775510204081,0.04279165766673867,0.1968162083936324,360.0,1.0,Y,1,0,0,0,0,0,0,0,0
548,LP002776,0.059987631416202836,0.0,0.13603473227206944,360.0,0.0,N,0,0,0,1,0,0,0,0,0
549,LP002777,0.032591218305504016,0.048383612931096553,0.14616497829232994,360.0,1.0,Y,1,1,0,0,0,0,0,0,0
550,LP002778,0.08018552875695731,0.0,0.17221418234442834,360.0,0.0,N,1,1,0,0,0,0,1,0,1
551,LP002784,0.028967223252937532,0.05699954400364797,0.17221418234442834,360.0,1.0,Y,1,1,1,0,0,1,0,0,0
552,LP002785,0.03936920222634508,0.07799937600499196,0.21562952243125902,360.0,1.0,Y,1,1,0,0,1,1,0,0,0
553,LP002788,0.028497217068645633,0.05599155206758346,0.2489146164978292,360.0,0.0,N,1,1,1,0,1,0,0,0,0
554,LP002789,0.04258503401360544,0.10238318093455252,0.17800289435600578,180.0,0.0,N,1,1,0,0,0,0,0,0,0
555,LP002792,0.06577612863327148,0.02476780185758514,0.02460202604920405,360.0,1.0,Y,1,1,0,1,0,1,0,0,0
556,LP002794,0.031131725417439696,0.03899968800249598,0.1085383502170767,360.0,0.0,Y,0,0,0,0,1,0,0,0,0
557,LP002795,0.12354978354978352,0.0,0.36324167872648333,360.0,1.0,Y,1,1,0,1,0,0,0,1,1
558,LP002798,0.046221397649969076,0.06405548755609955,0.22141823444283645,360.0,1.0,Y,1,1,0,1,0,0,0,0,0
559,LP002804,0.04984539270253555,0.05534355725154199,0.25036179450072354,360.0,1.0,Y,0,1,0,1,0,0,0,0,0
560,LP002807,0.04359925788497217,0.0058079535363717094,0.14327062228654122,360.0,1.0,Y,1,1,1,1,0,0,1,0,0
561,LP002813,0.2391341991341991,0.0,0.8552821997105644,360.0,1.0,Y,0,1,0,1,0,1,0,0,1
562,LP002820,0.0714038342609771,0.04929560563515492,0.2923299565846599,360.0,1.0,Y,1,1,0,0,0,0,0,0,0
563,LP002821,0.06988249845392701,0.0,0.17800289435600578,360.0,1.0,Y,1,0,1,1,0,0,0,0,1
564,LP002832,0.10697588126159552,0.0,0.3603473227206946,360.0,0.0,N,1,1,0,0,1,0,1,0,0
565,LP002833,0.0533951762523191,0.0,0.1606367583212735,360.0,0.0,Y,1,1,1,0,0,0,0,0,0
566,LP002836,0.03936920222634508,0.0,0.08827785817655572,360.0,1.0,Y,1,0,0,0,1,0,0,0,0
567,LP002837,0.04019789734075448,0.05999952000383997,0.16497829232995656,360.0,0.0,N,1,1,0,0,0,0,0,1,0
568,LP002840,0.027557204700061837,0.0,0.0,360.0,1.0,N,0,0,0,0,1,0,0,0,0
569,LP002841,0.03730364873222016,0.04953560371517028,0.1374819102749638,360.0,0.0,N,1,1,0,0,1,0,0,0,0
570,LP002842,0.04040816326530612,0.04199966400268798,0.256150506512301,360.0,1.0,Y,1,1,0,0,1,1,0,0,0
571,LP002847,0.06142238713667284,0.03482372141022872,0.22575976845151952,360.0,0.0,N,1,1,0,0,1,0,0,0,0
572,LP002855,0.20427952999381566,0.0,0.38494934876989867,360.0,1.0,Y,1,1,0,0,1,0,1,0,0
573,LP002862,0.07390228818800246,0.03899968800249598,0.2575976845151953,480.0,1.0,N,1,1,1,1,0,0,1,0,0
574,LP002863,0.07737786023500308,0.0,0.20405209840810418,360.0,1.0,N,1,1,0,1,0,0,0,1,0
575,LP002868,0.037217068645640075,0.01106391148870809,0.14327062228654122,84.0,1.0,Y,1,1,0,0,1,0,1,0,0
576,LP002872,0.036326530612244896,0.053039575683394534,0.18379160636758318,360.0,0.0,N,1,1,0,1,0,0,0,0,0
577,LP002874,0.03808286951144094,0.06573547411620707,0.14616497829232994,360.0,1.0,Y,1,0,0,0,1,0,0,0,0
578,LP002877,0.020185528756957324,0.05356757145942832,0.14182344428364688,360.0,1.0,Y,1,1,0,0,0,1,0,0,0
579,LP002888,0.037501546072974644,0.07000743994048048,0.21997105643994208,360.0,1.0,Y,1,0,0,0,1,0,0,0,0
580,LP002892,0.07903525046382189,0.0,0.28364688856729375,360.0,1.0,Y,1,1,0,1,0,0,1,0,0
581,LP002893,0.020853432282003707,0.8120815033479732,0.11722141823444283,360.0,1.0,N,1,0,0,0,1,0,0,0,0
582,LP002894,0.03730364873222016,0.0,0.03907380607814761,360.0,1.0,Y,0,1,0,1,0,0,0,0,0
583,LP002898,0.021397649969078537,0.0,0.07525325615050651,360.0,0.0,N,1,1,0,0,0,1,0,0,0
584,LP002911,0.032615955473098326,0.04600763193894449,0.19826338639652674,360.0,0.0,N,1,1,0,0,0,1,0,0,0
585,LP002912,0.05111935683364254,0.07199942400460796,0.23589001447178,84.0,1.0,N,1,1,0,0,0,1,0,0,0
586,LP002916,0.02655534941249226,0.036527707778337776,0.1374819102749638,360.0,1.0,Y,1,1,0,0,1,0,0,0,0
587,LP002917,0.024922696351267773,0.0,0.08827785817655572,360.0,1.0,Y,0,0,1,1,0,0,0,0,0
588,LP002925,0.05689548546691403,0.0,0.12301013024602024,360.0,1.0,Y,1,0,0,1,0,0,0,0,0
589,LP002926,0.03186147186147186,0.0,0.1403762662807525,360.0,0.0,N,1,1,0,1,0,0,1,0,1
590,LP002928,0.03525046382189239,0.08198334413324694,0.06801736613603473,180.0,1.0,Y,1,1,0,1,0,0,0,0,0
591,LP002931,0.07235621521335805,0.0,0.28364688856729375,240.0,1.0,N,1,1,0,1,0,0,1,0,1
592,LP002933,0.11387755102040814,0.0,0.4095513748191027,360.0,1.0,Y,1,0,0,1,0,0,0,1,1
593,LP002936,0.04587507730364873,0.07919936640506876,0.19247467438494933,180.0,1.0,Y,1,1,0,0,0,0,0,0,0
594,LP002938,0.1975262832405689,0.0,0.36324167872648333,360.0,1.0,Y,1,1,0,0,1,0,0,0,1
595,LP002940,0.0455534941249227,0.0,0.14616497829232994,360.0,1.0,Y,1,0,1,0,0,0,0,0,0
596,LP002941,0.0770933828076685,0.023999808001535988,0.2575976845151953,360.0,1.0,N,1,1,1,0,0,0,1,0,1
597,LP002943,0.03508967223252937,0.0,0.11432706222865412,360.0,0.0,N,1,0,0,1,0,0,0,0,0
598,LP002945,0.1213729128014842,0.0,0.24746743849493485,360.0,1.0,Y,1,1,0,0,0,0,0,0,1
599,LP002948,0.0696351267779839,0.0,0.2648335745296671,360.0,1.0,Y,1,1,0,0,1,0,1,0,0
600,LP002949,0.003290043290043289,1.0,0.49348769898697536,180.0,0.0,N,0,0,0,0,1,0,0,1,0
601,LP002950,0.033939393939393936,0.06700746394028848,0.21128798842257596,360.0,1.0,Y,1,1,1,0,0,0,0,0,0
602,LP002953,0.06868274582560295,0.0,0.17221418234442834,360.0,1.0,Y,1,1,0,0,1,0,0,1,0
603,LP002958,0.04361162646876932,0.10322317421460628,0.23589001447178,360.0,1.0,Y,1,0,0,0,0,0,0,0,0
604,LP002959,0.1465677179962894,0.0,0.7047756874095513,360.0,1.0,Y,0,1,0,1,0,1,0,0,0
605,LP002960,0.02782931354359925,0.09119927040583675,0.17221418234442834,180.0,1.0,N,1,1,1,0,1,0,0,0,0
606,LP002961,0.04019789734075448,0.05999952000383997,0.23733719247467433,360.0,1.0,Y,1,1,0,1,0,1,0,0,0
607,LP002964,0.04745825602968459,0.03386372909016728,0.21418234442836467,360.0,1.0,Y,1,1,1,0,0,0,1,0,0
608,LP002974,0.0381199752628324,0.04679962560299518,0.14327062228654122,360.0,1.0,Y,1,1,0,0,0,0,0,0,0
609,LP002978,0.03401360544217687,0.0,0.08972503617945007,360.0,1.0,Y,0,0,0,0,0,0,0,0,0
610,LP002979,0.048930117501546064,0.0,0.04486251808972504,180.0,1.0,Y,1,1,0,0,0,0,0,1,0
611,LP002983,0.09798392084106367,0.005759953920368637,0.3531114327062228,360.0,1.0,Y,1,1,0,0,1,1,0,0,0
612,LP002984,0.09193568336425478,0.0,0.2575976845151953,360.0,1.0,Y,1,1,0,0,1,0,1,0,0
613,LP002990,0.054829931972789105,0.0,0.17945007235890012,360.0,0.0,N,0,0,0,1,0,0,0,0,1
